n,b,spearman_rho,statistic,true_se,mean_est_se,total_factor,dependence_factor,formula_mean
6,4,0.0,min,0.12375681734783894,0.06345967298013572,1.950164750873796,1.0,
6,4,0.0,max,0.12384550942896673,0.06401606773111841,1.934600387345645,1.0,
6,4,0.0,median,0.1635165724452663,0.08632474049462241,1.8942028844610606,1.0,
6,4,0.0,range,0.1596222639848835,0.09129431439251716,1.748435979250497,1.0,
6,4,0.0,mean,0.11782362890921413,0.06844611033101601,1.7214072259095627,1.0,1.0
6,4,0.0,iqr,0.14815270754134383,0.09323979997890731,1.5889427859654235,1.0,
6,4,0.1,min,0.14389300331874777,0.06134703824939308,2.3455574616949226,1.2027483630005957,
6,4,0.1,max,0.14409583213671254,0.06161599751741851,2.338610717062195,1.2088339960847778,
6,4,0.1,median,0.18753677824195986,0.07997121017064522,2.345053649204353,1.2380160902730166,
6,4,0.1,range,0.16804536321265626,0.08902854894746029,1.8875446718987559,1.0795617879631432,
6,4,0.1,mean,0.14447915293202557,0.06466067136789143,2.2344208600928575,1.298019914440772,1.2909944487358056
6,4,0.1,iqr,0.14367826084838742,0.087591257587807,1.640326498387756,1.0323383024714212,
6,4,0.2,min,0.16329016074121122,0.05852782044835642,2.789957997586714,1.4306268208040567,
6,4,0.2,max,0.1631577088490888,0.058298438827345686,2.7986634313191496,1.4466364473125306,
6,4,0.2,median,0.2061958971099253,0.07352514975540737,2.8044267545984933,1.4805313504716842,
6,4,0.2,range,0.17520582692445805,0.08512699030077203,2.0581701092146925,1.1771492543278417,
6,4,0.2,mean,0.16662917603310654,0.06042398243344514,2.757666233215307,1.6019836513456032,1.5811388300841898
6,4,0.2,iqr,0.13871188464137665,0.081180216216356,1.7086907513487173,1.0753632959229154,
6,4,0.3,min,0.18206726412487334,0.055636309943108246,3.2724539839369107,1.6780397566260215,
6,4,0.3,max,0.18211854162500474,0.05546609056384858,3.283421271873541,1.6972090429375633,
6,4,0.3,median,0.2228484564844485,0.06706297179213923,3.322973177734567,1.7542857763517874,
6,4,0.3,range,0.18070376376792488,0.08131244408583005,2.2223383616065147,1.27104360009748,
6,4,0.3,mean,0.186892675007389,0.05623193221186923,3.3236040032062135,1.9307482582746083,1.889822365046136
6,4,0.3,iqr,0.1330349685633955,0.07472024090474748,1.7804408410966845,1.1205191633221137,
9,5,0.0,min,0.09047731966932984,0.053388310902423325,1.694702794300672,1.0,
9,5,0.0,max,0.09082206480113542,0.05321579763880644,1.706674875336369,1.0,
9,5,0.0,median,0.15093512432724482,0.09611953268412074,1.5702856652795587,1.0,
9,5,0.0,range,0.12074184694724999,0.07491029811356051,1.6118190687775797,1.0,
9,5,0.0,mean,0.09641613234752829,0.06342541572719418,1.5201497891986075,1.0,1.0
9,5,0.0,iqr,0.1476544475183511,0.10795030861951882,1.3678001425523787,1.0,
9,5,0.1,min,0.11299172835792708,0.05197658284678166,2.1738968237101686,1.2827599216930767,
9,5,0.1,max,0.11311936272884293,0.05186129601674872,2.18119043327245,1.2780351224439035,
9,5,0.1,median,0.17995041400571812,0.08842292780060768,2.0351103325995212,1.2960128068399641,
9,5,0.1,range,0.13476779523902938,0.07430364561064276,1.8137440516071548,1.1252776981865074,
9,5,0.1,mean,0.1291800062923097,0.05993582461124299,2.155305397568145,1.4178243571012688,1.4142135623730951
9,5,0.1,iqr,0.14304027316407364,0.10136137937009909,1.4111910675741015,1.0317231470240626,
9,5,0.2,min,0.13499432044952187,0.050322299964737874,2.6825944073326506,1.5829291226486926,
9,5,0.2,max,0.13483753327315237,0.05036849509248453,2.677021281369819,1.5685596126457326,
9,5,0.2,median,0.2023139713405661,0.08091156152157053,2.5004334057578466,1.592343011876564,
9,5,0.2,range,0.14773187630670043,0.07290444230981039,2.026376879462404,1.2571987257845445,
9,5,0.2,mean,0.15520484092768175,0.05633173067040607,2.7551939036948276,1.8124489594853088,1.8027756377319946
9,5,0.2,iqr,0.13801761978011584,0.09438722739178597,1.4622489037338413,1.0690515801564524,
9,5,0.3,min,0.15667421488538233,0.048040981343821704,3.261261749923253,1.924385656818976,
9,5,0.3,max,0.15651704215335366,0.04791391903764514,3.266629933368233,1.9140317705353294,
9,5,0.3,median,0.22026011299406356,0.07314935978112554,3.011101035649754,1.9175498460107805,
9,5,0.3,range,0.1589031494702924,0.07014916150087751,2.265218087721614,1.4053798789212606,
9,5,0.3,mean,0.17777876844996296,0.052232705567409596,3.403591035898538,2.238983987027254,2.203892660077359
9,5,0.3,iqr,0.13231900708173847,0.086525375588182,1.5292508837119818,1.118036792172231,
12,6,0.0,min,0.07127110038428187,0.044825041719825785,1.5899840278957107,1.0,
12,6,0.0,max,0.0714940064606697,0.044779529978138055,1.5965778670650181,1.0,
12,6,0.0,median,0.12840471900018063,0.08197103119346011,1.5664646050033484,1.0,
12,6,0.0,range,0.09673577209601221,0.06282020058625865,1.539883209433309,1.0,
12,6,0.0,mean,0.08336498563190942,0.05837260410845333,1.4281525881048842,1.0,1.0
12,6,0.0,iqr,0.12417156569705165,0.08563809813710939,1.4499570681526455,1.0,
12,6,0.1,min,0.09418523183646534,0.04440979775662856,2.1208210033428343,1.3338630867567067,
12,6,0.1,max,0.09377109757669731,0.0443142357583649,2.116049074794137,1.325365407127972,
12,6,0.1,median,0.16554840466751272,0.07525538940830495,2.199821248273859,1.4043223455209553,
12,6,0.1,range,0.1127668882351529,0.06370788636952827,1.770061677781383,1.1494778739958997,
12,6,0.1,mean,0.12087825292909507,0.05515733179202909,2.191517410321205,1.5345120882561178,1.5275252316519468
12,6,0.1,iqr,0.1210442837809423,0.08122573197406659,1.490220904621565,1.0277689852708665,
12,6,0.2,min,0.11720604149364415,0.04362887164899714,2.686433021614444,1.6895974893344343,
12,6,0.2,max,0.117051915002865,0.04357448844936788,2.6862487471052123,1.682504062293768,
12,6,0.2,median,0.19246774207599796,0.06881619965104518,2.796837707574204,1.7854458368487847,
12,6,0.2,range,0.12907148599709126,0.06371047690246787,2.0259067624730274,1.3156236460416888,
12,6,0.2,mean,0.14962371933104207,0.05183425116710107,2.886580127273209,2.0211986809502016,2.0
12,6,0.2,iqr,0.11894638219776378,0.07613095519727327,1.5623918272080737,1.0775435090631191,
12,6,0.3,min,0.1399237870936275,0.04206103414368942,3.3266844228227517,2.0922753716120686,
12,6,0.3,max,0.14004834029930588,0.041969236503552554,3.336928473489177,2.0900505652276373,
12,6,0.3,median,0.21270347174349866,0.06239739909989731,3.4088515677226154,2.176143372045951,
12,6,0.3,range,0.1442820929938731,0.06202883462562583,2.326048745953163,1.5105358196672396,
12,6,0.3,mean,0.1730097646406557,0.0481624025767889,3.592216238897413,2.5152888205483537,2.4784787961282104
12,6,0.3,iqr,0.11593628303440723,0.07050218301501984,1.6444353646426533,1.13412693434971,
