study,ensemble_size,reported_outputs,emphasis_similarities_differences,parameter_harmonization,emphasis_quantitative_qualitative,ensemble_choice_justification
1,9,"IP,PR,CM",S,EL,M,DM
2,3,"IP,PR",D,EL,I,DM
3,3,"IP,PR",S,EL,P,DM
4∗,6,"IP,PR,CM",S,EL,P,EM
5,3,"IP,PR",D,EL,I,EM
6,15,"IP,PR,CM",S,NE,P,MP
7,18,"IP,PR,CM",S,EL,M,DM
8,6,"IP,PR,CM",S,EL,I,DM
9,11,"IP,PR",S,EL,I,DM
10,10,"IP,PR",S,EL,P,MP
11,5,"IP,PR,CM",S,EL,P,DM
12,9,"IP,PR,CM",S,NE,P,DM
13,6,"IP,PR",S,NE,P,EM
14∗,5,"IP,PR,CM",S,EL,P,EM
15,13,"IP,PR,CM",S,EL,P,DM
16,8,"IP,PR,CM",S,EL,P,DM
17,4,"IP,PR,CM",S,NE,I,MP
18,12,"IP,PR,CM",S,EL,I,DM
19,3,"IP,PR,CM",S,EL,I,DM
20,4,"IP,PR",D,EL,P,DM
21,6,"IP,PR",D,EL,I,DM
22,8,"IP,PR,CM",S,EL,P,DM
23,3,"IP,PR",S,EL,I,DM
24,10,"IP,PR",D,EL,I,MP
25,15,"IP,PR",D,EL,I,EM
26,8,"IP,PR,CM",S,NE,P,MP
27,9,"IP,PR",S,EL,I,DM
28∗,6,"IP,PR",S,EL,I,EM
29∗,9,"IP,PR,CM",S,EL,I,DM
30,7,"IP,PR,CM",S,EL,P,EM
